{"id":"fbaa2e31-aba4-47b8-86fe-77c191764275","titulo":"teste","capa":"xcapa.jpg","caminhoCapa":"C:\\Users\\rodrigo.brito.UNIFENAS\\Desktop\\Credenciamneto\\Fluxogramas\\capa.jpg","eixos":[{"id":0,"titulo":"Eixo 1 - teste","nomeImagem":"img-eixo1.jpg","caminhoImagem":"C:\\Users\\rodrigo.brito.UNIFENAS\\Desktop\\Credenciamneto\\Fluxogramas\\img-eixo1.jpg","indicadores":[{"id":0,"idEixo":0,"titulo":"1.1 teste","descricao":"teste teste","nomeImagem":"1_1CPA.png","localizacao":["teste","1.1","Eixo 1 "],"caminhoImagem":"C:\\Users\\rodrigo.brito.UNIFENAS\\Desktop\\Credenciamneto\\Fluxogramas\\Eixo 1\\1_1CPA.png","existe":true},{"id":1,"idEixo":0,"titulo":"1.2 teste","descricao":"teste teste","nomeImagem":"1_2autovaliacao.png","localizacao":["teste","1.2","Eixo 1 "],"caminhoImagem":"C:\\Users\\rodrigo.brito.UNIFENAS\\Desktop\\Credenciamneto\\Fluxogramas\\Eixo 1\\1_2autovaliacao.png","existe":true}],"existe":true},{"id":1,"titulo":"Eixo 2 - teste","nomeImagem":"img-eixo3.jpg","caminhoImagem":"C:\\Users\\rodrigo.brito.UNIFENAS\\Desktop\\Credenciamneto\\Fluxogramas\\img-eixo3.jpg","indicadores":[{"id":0,"idEixo":2,"titulo":"2.1 teste","descricao":"teste","nomeImagem":"3_1PoliticasdeEnsino.png","localizacao":["teste","2.1","Eixo 2 "],"caminhoImagem":"C:\\Users\\rodrigo.brito.UNIFENAS\\Desktop\\Credenciamneto\\Fluxogramas\\Eixo 3\\3_1 Politicas de Ensino.png","existe":true},{"id":1,"idEixo":2,"titulo":"2.2 teste","descricao":"teste","nomeImagem":"3_3Politicasinstitucionaiseacoesacademico-administrativasparaaextensao.png","localizacao":["teste","2.2","Eixo 2 "],"caminhoImagem":"C:\\Users\\rodrigo.brito.UNIFENAS\\Desktop\\Credenciamneto\\Fluxogramas\\Eixo 3\\3_3Políticas institucionais e ações acadêmico-administrativas para a extensão.png","existe":true}],"existe":false},{"id":2,"titulo":"Eixo 3 - teste","nomeImagem":"img-eixo4.jpg","caminhoImagem":"C:\\Users\\rodrigo.brito.UNIFENAS\\Desktop\\Credenciamneto\\Fluxogramas\\img-eixo4.jpg","indicadores":[{"id":1,"idEixo":2,"titulo":"3.1 teste","descricao":"teste","nomeImagem":"4_2Politicadecapacitacaoeformacaocontinuadaparaocorpotecnico-administrativo.png","localizacao":["teste","3.1","Eixo 3 "],"caminhoImagem":"C:\\Users\\rodrigo.brito.UNIFENAS\\Desktop\\Credenciamneto\\Fluxogramas\\Eixo 4\\4_2 Política de capacitação e formação continuada para o corpo técnico-administrativo.png","existe":true},{"id":0,"idEixo":2,"titulo":"3.2 teste","descricao":"teste","nomeImagem":"4_1Politicadecapacitacaodocenteeformacaocontinuada.png","localizacao":["teste","3.2","Eixo 3 "],"caminhoImagem":"C:\\Users\\rodrigo.brito.UNIFENAS\\Desktop\\Credenciamneto\\Fluxogramas\\Eixo 4\\4_1 Política de capacitação docente e formação continuada.png","existe":true},{"id":2,"idEixo":2,"titulo":"3.3 teste","descricao":"teste","nomeImagem":"4_4processodegestaoinstitucional.png","localizacao":["teste","3.3","Eixo 3 "],"caminhoImagem":"C:\\Users\\rodrigo.brito.UNIFENAS\\Desktop\\Credenciamneto\\Fluxogramas\\Eixo 4\\4_4 processo de gestão institucional.png","existe":true}],"existe":true},{"id":3,"titulo":"Eixo 4 - teste","nomeImagem":"img-eixo5.jpg","caminhoImagem":"C:\\Users\\rodrigo.brito.UNIFENAS\\Desktop\\Credenciamneto\\Fluxogramas\\img-eixo5.jpg","indicadores":[{"id":0,"idEixo":3,"titulo":"4.1 teste","descricao":"teste","nomeImagem":"5.15Infraestruturadeexecucaoesuporte.png","localizacao":["teste","5.1","Eixo 5 "],"caminhoImagem":"C:\\Users\\rodrigo.brito.UNIFENAS\\Desktop\\Credenciamneto\\Fluxogramas\\Eixo 5\\5.15 Infraestrutura de execução e suporte.png","existe":true}],"existe":true}]}